,region,country_year,total_pageviews,population
0,Europe,Albania 2017,11847,2880321.0
1,Europe,Albania 2018,20783,2878389.0
2,Europe,Albania 2019,20322,2875637.0
3,Europe,Albania 2020,51598,2872130.0
4,Europe,Albania 2021,81735,2861567.0
5,Europe,Albania 2022,35385,2847853.0
6,Africa,Algeria 2017,219658,40738828.0
7,Africa,Algeria 2018,215867,41534264.0
8,Africa,Algeria 2019,128254,42319750.0
9,Africa,Algeria 2020,81460,43090987.0
10,Africa,Algeria 2021,102947,43812345.0
11,Africa,Algeria 2022,62774,44543592.0
12,Oceania,American Samoa 2017,3573,49965.0
13,Europe,Andorra 2017,4023,73312.0
14,Africa,Angola 2017,1526,29678369.0
15,Africa,Angola 2018,1697,30738887.0
16,Africa,Angola 2022,1690,35049572.0
17,Americas,Anguilla 2021,457,15675.0
18,Americas,Antigua and Barbuda 2018,531,91395.0
19,Americas,Argentina 2017,997950,43864639.0
20,Americas,Argentina 2018,797888,44244593.0
21,Americas,Argentina 2019,1151407,44582599.0
22,Americas,Argentina 2020,570665,44908441.0
23,Americas,Argentina 2021,128014,45163623.0
24,Americas,Argentina 2022,367433,45389937.0
25,Asia,Armenia 2017,4280,2859439.0
26,Asia,Armenia 2018,1063,2844407.0
27,Asia,Armenia 2019,776,2828707.0
28,Asia,Armenia 2021,2254,2798721.0
29,Asia,Armenia 2022,2892,2783226.0
30,Americas,Aruba 2017,3902,105171.0
31,Oceania,Australia 2017,268908,24392368.0
32,Oceania,Australia 2018,230038,24788299.0
33,Oceania,Australia 2019,961010,25170161.0
34,Oceania,Australia 2020,750373,25544179.0
35,Oceania,Australia 2021,517513,25795922.0
36,Oceania,Australia 2022,426890,26046256.0
37,Europe,Austria 2017,42052,8772740.0
38,Europe,Austria 2018,37557,8822252.0
39,Europe,Austria 2019,343616,8858773.0
40,Europe,Austria 2020,87495,8901106.0
41,Europe,Austria 2021,1259383,8914448.0
42,Europe,Austria 2022,80765,8929716.0
43,Americas,Barbados 2017,7617,278929.0
44,Americas,Barbados 2018,2339,279445.0
45,Europe,Belgium 2017,27165,11351651.0
46,Europe,Belgium 2018,4535,11417328.0
47,Europe,Belgium 2019,252944,11479863.0
48,Europe,Belgium 2020,30414,11541273.0
49,Europe,Belgium 2021,47544,11582160.0
50,Europe,Belgium 2022,29842,11640679.0
51,Americas,Belize 2017,480,371019.0
52,Americas,Belize 2021,1206,397415.0
53,Africa,Benin 2017,528,11426259.0
54,Africa,Benin 2022,653,13174363.0
55,Asia,Bhutan 2022,466,779965.0
56,Americas,Bolivia 2017,7304,11349540.0
57,Americas,Bolivia 2018,774,11521527.0
58,Americas,Bolivia 2019,3146,11692283.0
59,Americas,Bolivia 2022,11171,12148966.0
60,Americas,"Bonaire, Saint Eustatius and Saba 2019",451,25278.0
61,Europe,Bosnia and Herzegovina 2017,844,3460245.0
62,Europe,Bosnia and Herzegovina 2019,1912,3380449.0
63,Europe,Bosnia and Herzegovina 2020,1649,3340974.0
64,Europe,Bosnia and Herzegovina 2022,4385,3246045.0
65,Africa,Botswana 2021,552,2569263.0
66,Americas,Brazil 2017,2712547,207677556.0
67,Americas,Brazil 2018,2984841,209332364.0
68,Americas,Brazil 2019,4058600,211000821.0
69,Americas,Brazil 2020,2204963,212564935.0
70,Americas,Brazil 2021,786718,213827672.0
71,Americas,Brazil 2022,2855191,214824774.0
72,Europe,Bulgaria 2017,2816,7214825.0
73,Europe,Bulgaria 2018,11697,7150032.0
74,Europe,Bulgaria 2019,55264,7084829.0
75,Europe,Bulgaria 2020,55976,7020235.0
76,Europe,Bulgaria 2021,57100,6938114.0
77,Europe,Bulgaria 2022,80959,6833621.0
78,Africa,Burkina Faso 2017,3543,19557656.0
79,Africa,Burkina Faso 2021,538,21813359.0
80,Africa,Burundi 2017,557,11020020.0
81,Asia,Cambodia 2017,636,15730112.0
82,Asia,Cambodia 2018,2373,15931265.0
83,Asia,Cambodia 2019,716,16119212.0
84,Asia,Cambodia 2022,3282,16680606.0
85,Africa,Cameroon 2017,5132,24060423.0
86,Africa,Cameroon 2020,1191,26137129.0
87,Africa,Cameroon 2021,522,26845044.0
88,Africa,Cameroon 2022,919,27552212.0
89,Americas,Canada 2017,473272,36325124.0
90,Americas,Canada 2018,140028,36783571.0
91,Americas,Canada 2019,1289993,37286937.0
92,Americas,Canada 2020,729125,37758232.0
93,Americas,Canada 2021,840244,38019178.0
94,Americas,Canada 2022,765059,38290846.0
95,Africa,Central African Republic 2020,498,5272026.0
96,Americas,Chile 2017,45352,18206536.0
97,Americas,Chile 2018,28859,18530618.0
98,Americas,Chile 2019,269672,18872283.0
99,Americas,Chile 2020,51644,19206688.0
100,Americas,Chile 2021,44944,19393941.0
101,Americas,Chile 2022,164104,19592428.0
102,Americas,Colombia 2017,1451770,47907203.0
103,Americas,Colombia 2018,1254605,48796138.0
104,Americas,Colombia 2019,1015444,49757785.0
105,Americas,Colombia 2020,734304,50617028.0
106,Americas,Colombia 2021,198335,51244297.0
107,Americas,Colombia 2022,473218,51788827.0
108,Americas,Costa Rica 2017,2686,4969919.0
109,Americas,Costa Rica 2018,551,5017764.0
110,Americas,Costa Rica 2019,9261,5063704.0
111,Americas,Costa Rica 2020,15936,5105359.0
112,Americas,Costa Rica 2021,4492,5140851.0
113,Americas,Costa Rica 2022,10304,5167063.0
114,Africa,Cote d'Ivoire 2017,1996,24525582.0
115,Africa,Cote d'Ivoire 2019,1606,25817528.0
116,Africa,Cote d'Ivoire 2022,1879,27810491.0
117,Europe,Croatia 2017,82128,4208827.0
118,Europe,Croatia 2018,1524,4176106.0
119,Europe,Croatia 2019,13736,4144863.0
120,Europe,Croatia 2020,8894,4114639.0
121,Europe,Croatia 2021,8353,4079100.0
122,Europe,Croatia 2022,14971,4041171.0
123,Asia,Cyprus 2017,1043,1203279.0
124,Asia,Cyprus 2018,476,1213767.0
125,Asia,Cyprus 2019,1034,1223895.0
126,Asia,Cyprus 2020,511,1233778.0
127,Asia,Cyprus 2021,4314,1241296.0
128,Asia,Cyprus 2022,2660,1247080.0
129,Europe,Czech Republic 2017,41929,10529255.0
130,Europe,Czech Republic 2018,21304,10533355.0
131,Europe,Czech Republic 2019,170033,10535831.0
132,Europe,Czech Republic 2020,341362,10537911.0
133,Europe,Czech Republic 2021,209085,10523996.0
134,Europe,Czech Republic 2022,101405,10497505.0
135,Africa,Democratic Republic of the Congo 2021,6982,94374379.0
136,Europe,Denmark 2017,17157,5722175.0
137,Europe,Denmark 2018,19023,5752394.0
138,Europe,Denmark 2019,250345,5780978.0
139,Europe,Denmark 2020,44007,5810778.0
140,Europe,Denmark 2021,10110,5840504.0
141,Europe,Denmark 2022,24267,5867977.0
142,Americas,Dominica 2017,4258,70253.0
143,Americas,Dominica 2018,456,70553.0
144,Americas,Dominica 2020,452,71764.0
145,Americas,Dominican Republic 2017,172106,10587845.0
146,Americas,Dominican Republic 2018,203345,10706643.0
147,Americas,Dominican Republic 2019,101193,10824418.0
148,Americas,Dominican Republic 2020,18312,10939347.0
149,Americas,Dominican Republic 2021,27118,11059980.0
150,Americas,Dominican Republic 2022,41365,11175767.0
151,Americas,Ecuador 2017,49179,16562863.0
152,Americas,Ecuador 2018,48152,16831025.0
153,Americas,Ecuador 2019,51136,17200318.0
154,Americas,Ecuador 2020,196652,17487163.0
155,Americas,Ecuador 2021,108045,17690028.0
156,Americas,Ecuador 2022,37920,17905446.0
157,Americas,El Salvador 2018,798,6273173.0
158,Americas,El Salvador 2019,954,6279512.0
159,Americas,El Salvador 2020,8094,6280922.0
160,Americas,El Salvador 2021,1487,6304540.0
161,Americas,El Salvador 2022,543,6323795.0
162,Europe,Estonia 2019,3666,1324991.0
163,Europe,Estonia 2020,17699,1329086.0
164,Europe,Estonia 2021,3337,1329802.0
165,Europe,Estonia 2022,3075,1327600.0
166,Africa,Eswatini 2017,3742,1146930.0
167,Americas,Falkland Islands 2017,454,3569.0
168,Americas,Falkland Islands 2021,450,3757.0
169,Europe,Faroe Islands 2019,465,51314.0
170,Europe,Faroe Islands 2022,521,52995.0
171,Oceania,Fiji 2017,723,918883.0
172,Europe,Finland 2017,48806,5503215.0
173,Europe,Finland 2018,47351,5513064.0
174,Europe,Finland 2019,164910,5517858.0
175,Europe,Finland 2020,79823,5525215.0
176,Europe,Finland 2021,128376,5533721.0
177,Europe,Finland 2022,62219,5538263.0
178,Europe,France 2017,1470360,64074315.0
179,Europe,France 2018,1447746,64213858.0
180,Europe,France 2019,2856523,64341757.0
181,Europe,France 2020,2163888,64457760.0
182,Europe,France 2021,1811500,64502346.0
183,Europe,France 2022,1753354,64560542.0
184,Oceania,French Polynesia 2020,466,300742.0
185,Asia,Georgia 2019,2168,3772438.0
186,Asia,Georgia 2020,3834,3769183.0
187,Asia,Georgia 2021,6318,3762641.0
188,Asia,Georgia 2022,24011,3753319.0
189,Europe,Germany 2017,5553449,82483984.0
190,Europe,Germany 2018,5586524,82764764.0
191,Europe,Germany 2019,12238749,83028627.0
192,Europe,Germany 2020,7292173,83267655.0
193,Europe,Germany 2021,7192428,83390320.0
194,Europe,Germany 2022,7047648,83426789.0
195,Africa,Ghana 2017,1785,29898576.0
196,Africa,Ghana 2019,456,31195334.0
197,Africa,Ghana 2020,986,31849246.0
198,Africa,Ghana 2021,2512,32511557.0
199,Africa,Ghana 2022,1674,33154506.0
200,Europe,Greece 2017,34926,10722618.0
201,Europe,Greece 2018,24647,10661839.0
202,Europe,Greece 2019,79551,10604702.0
203,Europe,Greece 2020,27847,10543346.0
204,Europe,Greece 2021,39877,10481118.0
205,Europe,Greece 2022,82965,10409612.0
206,Americas,Guadeloupe 2020,497,395099.0
207,Oceania,Guam 2020,451,168576.0
208,Americas,Guatemala 2017,71454,16438598.0
209,Americas,Guatemala 2018,79759,16718848.0
210,Americas,Guatemala 2019,95662,16981503.0
211,Americas,Guatemala 2020,20696,17231172.0
212,Americas,Guatemala 2021,1013,17494265.0
213,Americas,Guatemala 2022,13606,17722702.0
214,Europe,Guernsey 2017,3551,61524.0
215,Africa,Guinea 2017,1007,12085339.0
216,Africa,Guinea 2018,474,12396238.0
217,Africa,Guinea 2022,702,13695093.0
218,Americas,Guyana 2019,485,805664.0
219,Americas,Guyana 2021,534,802562.0
220,Americas,Haiti 2017,456,10788613.0
221,Americas,Haiti 2018,2157,10938474.0
222,Americas,Haiti 2021,76190,11379095.0
223,Asia,Hong Kong 2017,32383,7450263.0
224,Asia,Hong Kong 2018,19625,7472774.0
225,Asia,Hong Kong 2019,50295,7490336.0
226,Asia,Hong Kong 2020,76985,7501907.0
227,Asia,Hong Kong 2021,85985,7500008.0
228,Asia,Hong Kong 2022,142353,7489149.0
229,Europe,Hungary 2017,20719,9798638.0
230,Europe,Hungary 2018,7895,9779244.0
231,Europe,Hungary 2019,56371,9773471.0
232,Europe,Hungary 2020,334043,9770120.0
233,Europe,Hungary 2021,139552,9731025.0
234,Europe,Hungary 2022,55696,9688547.0
235,Europe,Iceland 2017,1631,338581.0
236,Europe,Iceland 2019,1428,357209.0
237,Europe,Iceland 2020,469,364340.0
238,Europe,Iceland 2021,1194,368998.0
239,Asia,India 2017,12727919,1346642460.0
240,Asia,India 2018,17589209,1361748899.0
241,Asia,India 2019,19495842,1376257714.0
242,Asia,India 2020,12726071,1389966387.0
243,Asia,India 2021,16261234,1402807867.0
244,Asia,India 2022,14146615,1412319817.0
245,Asia,Indonesia 2017,1782787,263203928.0
246,Asia,Indonesia 2018,2028305,265793777.0
247,Asia,Indonesia 2019,3528270,268339908.0
248,Asia,Indonesia 2020,4841497,270825848.0
249,Asia,Indonesia 2021,1195934,272890093.0
250,Asia,Indonesia 2022,623257,274616289.0
251,Europe,Ireland 2017,256469,4741657.0
252,Europe,Ireland 2018,206688,4802050.0
253,Europe,Ireland 2019,96491,4866964.0
254,Europe,Ireland 2020,98582,4925074.0
255,Europe,Ireland 2021,463450,4967164.0
256,Europe,Ireland 2022,653282,5005888.0
257,Asia,Israel 2017,66168,8235793.0
258,Asia,Israel 2018,25789,8382721.0
259,Asia,Israel 2019,60011,8530245.0
260,Asia,Israel 2020,87259,8685594.0
261,Asia,Israel 2021,47223,8829385.0
262,Asia,Israel 2022,48295,8970733.0
263,Europe,Italy 2017,1574286,60069179.0
264,Europe,Italy 2018,2277628,59938885.0
265,Europe,Italy 2019,5153513,59815966.0
266,Europe,Italy 2020,3333221,59639898.0
267,Europe,Italy 2021,3776329,59361259.0
268,Europe,Italy 2022,1912062,59119400.0
269,Americas,Jamaica 2018,971,2810597.0
270,Americas,Jamaica 2022,1210,2828991.0
271,Asia,Japan 2017,3403864,126853795.0
272,Asia,Japan 2018,3234324,126471149.0
273,Asia,Japan 2019,4246934,126040583.0
274,Asia,Japan 2020,5857460,125542770.0
275,Asia,Japan 2021,5078890,124946751.0
276,Asia,Japan 2022,1981042,124278310.0
277,Europe,Jersey 2022,478,110273.0
278,Asia,Jordan 2017,5492,10091322.0
279,Asia,Jordan 2018,1909,10339441.0
280,Asia,Jordan 2020,11906,10817077.0
281,Asia,Jordan 2021,34555,11040365.0
282,Asia,Jordan 2022,520,11256190.0
283,Africa,Kenya 2017,2137,48432355.0
284,Africa,Kenya 2018,2287,49463919.0
285,Africa,Kenya 2019,3990,50442689.0
286,Africa,Kenya 2020,532,51460211.0
287,Africa,Kenya 2021,2310,52511349.0
288,Africa,Kenya 2022,410925,53499879.0
289,Europe,Kosovo 2019,517,1698580.0
290,Asia,Kyrgyzstan 2017,3716,6070488.0
291,Asia,Kyrgyzstan 2019,1055,6274956.0
292,Asia,Kyrgyzstan 2020,2343,6372330.0
293,Asia,Kyrgyzstan 2021,11139,6477418.0
294,Asia,Kyrgyzstan 2022,7197,6578069.0
295,Europe,Latvia 2017,18008,1964331.0
296,Europe,Latvia 2018,1482,1945394.0
297,Europe,Latvia 2019,7928,1925867.0
298,Europe,Latvia 2020,5858,1907244.0
299,Europe,Latvia 2021,4787,1886860.0
300,Europe,Latvia 2022,2943,1860978.0
301,Asia,Lebanon 2017,3757,6186116.0
302,Asia,Lebanon 2018,8774,6032387.0
303,Asia,Lebanon 2019,1512,5869291.0
304,Asia,Lebanon 2020,2681,5694522.0
305,Africa,Liberia 2017,3537,4750867.0
306,Africa,Libya 2017,459,6327085.0
307,Europe,Lithuania 2017,101323,2918911.0
308,Europe,Lithuania 2018,4846,2889989.0
309,Europe,Lithuania 2019,36121,2862266.0
310,Europe,Lithuania 2020,29153,2835900.0
311,Europe,Lithuania 2021,15324,2804633.0
312,Europe,Lithuania 2022,4152,2768668.0
313,Europe,Luxembourg 2019,4298,613867.0
314,Europe,Luxembourg 2020,507,626079.0
315,Europe,Luxembourg 2021,3041,634720.0
316,Asia,Macau 2018,489,644696.0
317,Asia,Macau 2020,1311,670019.0
318,Asia,Macau 2022,574,690667.0
319,Africa,Madagascar 2020,466,27879131.0
320,Africa,Madagascar 2022,470,29260083.0
321,Africa,Malawi 2017,498,17640359.0
322,Asia,Malaysia 2017,71539,31757470.0
323,Asia,Malaysia 2018,162886,32194142.0
324,Asia,Malaysia 2019,219924,32604401.0
325,Asia,Malaysia 2020,185581,33003638.0
326,Asia,Malaysia 2021,5993454,33396348.0
327,Asia,Malaysia 2022,48791314,33751399.0
328,Asia,Maldives 2018,927,481390.0
329,Africa,Mali 2017,481,19002180.0
330,Europe,Malta 2017,4260,473496.0
331,Europe,Malta 2018,460,485498.0
332,Europe,Malta 2019,1394,497674.0
333,Europe,Malta 2020,463,509595.0
334,Oceania,Marshall Islands 2019,478,45376.0
335,Americas,Martinique 2017,3535,378760.0
336,Africa,Mauritius 2017,7381,1294316.0
337,Africa,Mauritius 2019,571,1295598.0
338,Africa,Mauritius 2021,1000,1298695.0
339,Africa,Mayotte 2020,473,300350.0
340,Americas,Mexico 2017,8844599,122210952.0
341,Americas,Mexico 2018,8422835,123467563.0
342,Americas,Mexico 2019,7105032,124560160.0
343,Americas,Mexico 2020,7517731,125610461.0
344,Americas,Mexico 2021,3990427,126386142.0
345,Americas,Mexico 2022,2701311,127024134.0
346,Europe,Moldova 2018,1735,3159716.0
347,Europe,Moldova 2019,487,3123958.0
348,Europe,Moldova 2020,9508,3095024.0
349,Europe,Moldova 2021,10494,3074670.0
350,Europe,Moldova 2022,4559,3048343.0
351,Europe,Monaco 2018,479,37023.0
352,Europe,Monaco 2021,461,36811.0
353,Europe,Monaco 2022,762,36561.0
354,Asia,Mongolia 2017,12295,3062473.0
355,Asia,Mongolia 2019,1058,3198396.0
356,Asia,Mongolia 2022,1493,3373358.0
357,Europe,Montenegro 2019,1086,630902.0
358,Europe,Montenegro 2020,693,629890.0
359,Europe,Montenegro 2021,503,628205.0
360,Europe,Montenegro 2022,725,627512.0
361,Africa,Morocco 2017,157631,35321179.0
362,Africa,Morocco 2018,244400,35735050.0
363,Africa,Morocco 2019,208025,36119972.0
364,Africa,Morocco 2020,114957,36488843.0
365,Africa,Morocco 2021,231404,36888700.0
366,Africa,Morocco 2022,423519,37264469.0
367,Africa,Mozambique 2017,9186,28141563.0
368,Africa,Mozambique 2018,552,28997319.0
369,Africa,Mozambique 2019,2145,29850438.0
370,Africa,Mozambique 2022,768,32518418.0
371,Oceania,Nauru 2017,3604,11564.0
372,Oceania,Nauru 2021,451,12414.0
373,Asia,Nepal 2020,2479,28999227.0
374,Asia,Nepal 2021,1199,29698028.0
375,Asia,Nepal 2022,7964,30371951.0
376,Europe,Netherlands 2017,215781,17166557.0
377,Europe,Netherlands 2018,178326,17247839.0
378,Europe,Netherlands 2019,373856,17324246.0
379,Europe,Netherlands 2020,283477,17402277.0
380,Europe,Netherlands 2021,721179,17466838.0
381,Europe,Netherlands 2022,556970,17536553.0
382,Oceania,New Zealand 2017,25634,4707023.0
383,Oceania,New Zealand 2018,4043,4785480.0
384,Oceania,New Zealand 2019,44391,4891572.0
385,Oceania,New Zealand 2020,21661,5026496.0
386,Oceania,New Zealand 2021,10387,5095771.0
387,Oceania,New Zealand 2022,24320,5163684.0
388,Africa,Nigeria 2017,14293,191044954.0
389,Africa,Nigeria 2018,4431,195946859.0
390,Africa,Nigeria 2019,15425,200828388.0
391,Africa,Nigeria 2020,8601,205780595.0
392,Africa,Nigeria 2021,1791,210874214.0
393,Africa,Nigeria 2022,7225,215928431.0
394,Europe,North Macedonia 2017,3676,2111303.0
395,Europe,North Macedonia 2019,1617,2114328.0
396,Europe,North Macedonia 2021,2458,2108119.0
397,Oceania,Northern Mariana Islands 2017,3814,50936.0
398,Europe,Norway 2017,57180,5258747.0
399,Europe,Norway 2018,46667,5296038.0
400,Europe,Norway 2019,144034,5328602.0
401,Europe,Norway 2020,51216,5367955.0
402,Europe,Norway 2021,23340,5391723.0
403,Europe,Norway 2022,25612,5414319.0
404,Oceania,Palau 2020,502,17947.0
405,Asia,Palestine 2017,4860,4648364.0
406,Asia,Palestine 2018,8594,4753529.0
407,Asia,Palestine 2020,613,4961985.0
408,Asia,Palestine 2021,1184,5076818.0
409,Americas,Panama 2017,6400,4061140.0
410,Americas,Panama 2018,598,4130986.0
411,Americas,Panama 2019,1059,4199523.0
412,Americas,Panama 2020,2628,4265541.0
413,Americas,Panama 2021,924,4323252.0
414,Americas,Panama 2022,6206,4379282.0
415,Oceania,Papua New Guinea 2021,467,9850462.0
416,Americas,Paraguay 2017,7918,6311166.0
417,Americas,Paraguay 2019,3120,6487014.0
418,Americas,Paraguay 2020,11979,6573039.0
419,Americas,Paraguay 2021,3253,6664351.0
420,Americas,Paraguay 2022,7252,6743247.0
421,Americas,Peru 2017,652335,31362525.0
422,Americas,Peru 2018,250884,31848448.0
423,Americas,Peru 2019,402266,32559440.0
424,Americas,Peru 2020,651999,33090281.0
425,Americas,Peru 2021,226057,33519231.0
426,Americas,Peru 2022,73104,33911712.0
427,Asia,Philippines 2017,339004,105813317.0
428,Asia,Philippines 2018,397082,107663686.0
429,Asia,Philippines 2019,401055,109473986.0
430,Asia,Philippines 2020,375946,111287623.0
431,Asia,Philippines 2021,139795,113094332.0
432,Asia,Philippines 2022,338237,114666324.0
433,Europe,Poland 2017,761271,38531947.0
434,Europe,Poland 2018,768786,38533677.0
435,Europe,Poland 2019,1314132,38509236.0
436,Europe,Poland 2020,2326585,38477966.0
437,Europe,Poland 2021,1107785,38378767.0
438,Europe,Poland 2022,699366,38236684.0
439,Europe,Portugal 2017,27881,10316837.0
440,Europe,Portugal 2018,16906,10298223.0
441,Europe,Portugal 2019,133437,10281447.0
442,Europe,Portugal 2020,49407,10298399.0
443,Europe,Portugal 2021,35876,10297984.0
444,Europe,Portugal 2022,74854,10282222.0
445,Americas,Puerto Rico 2017,3009,3399833.0
446,Americas,Puerto Rico 2019,529,3305555.0
447,Americas,Puerto Rico 2020,596,3280218.0
448,Americas,Puerto Rico 2022,1568,3249144.0
449,Asia,Qatar 2019,481,2785840.0
450,Asia,Qatar 2022,507,2684330.0
451,Europe,Romania 2017,110289,19742832.0
452,Europe,Romania 2018,136690,19654874.0
453,Europe,Romania 2019,337441,19558692.0
454,Europe,Romania 2020,370608,19489730.0
455,Europe,Romania 2021,417248,19394347.0
456,Europe,Romania 2022,208928,19262773.0
457,Africa,Réunion 2017,7200,928426.0
458,Africa,Réunion 2018,2134,937052.0
459,Africa,Réunion 2020,457,953518.0
460,Americas,Saint Kitts and Nevis 2018,530,47780.0
461,Americas,Saint Lucia 2018,1222,177531.0
462,Americas,Saint Martin 2017,4031,34683.0
463,Americas,Saint Pierre and Miquelon 2020,486,5918.0
464,Americas,Saint Pierre and Miquelon 2021,486,5893.0
465,Americas,Saint Vincent and the Grenadines 2017,480,105671.0
466,Africa,Senegal 2017,1703,14951864.0
467,Africa,Senegal 2018,600,15363722.0
468,Africa,Senegal 2019,557,15786096.0
469,Africa,Senegal 2022,1828,17096667.0
470,Europe,Serbia 2017,18937,7480172.0
471,Europe,Serbia 2018,10561,7449588.0
472,Europe,Serbia 2019,27286,7418048.0
473,Europe,Serbia 2020,51581,7384063.0
474,Europe,Serbia 2021,23349,7331946.0
475,Europe,Serbia 2022,49437,7261591.0
476,Africa,Seychelles 2017,2471,101158.0
477,Africa,Seychelles 2020,478,105006.0
478,Africa,Seychelles 2022,2070,106887.0
479,Africa,Sierra Leone 2018,527,7769114.0
480,Asia,Singapore 2017,16607,5739192.0
481,Asia,Singapore 2018,20854,5789782.0
482,Asia,Singapore 2019,54460,5839291.0
483,Asia,Singapore 2020,35611,5893519.0
484,Asia,Singapore 2021,76549,5926220.0
485,Asia,Singapore 2022,69326,5955901.0
486,Europe,Slovakia 2017,5982,5435638.0
487,Europe,Slovakia 2019,32426,5450296.0
488,Europe,Slovakia 2020,31978,5457552.0
489,Europe,Slovakia 2021,38123,5455809.0
490,Europe,Slovakia 2022,29923,5439435.0
491,Europe,Slovenia 2017,5318,2094487.0
492,Europe,Slovenia 2018,2352,2102297.0
493,Europe,Slovenia 2019,9230,2109551.0
494,Europe,Slovenia 2020,1817,2116252.0
495,Europe,Slovenia 2021,1406,2119030.0
496,Europe,Slovenia 2022,5674,2119789.0
497,Oceania,Solomon Islands 2019,499,667089.0
498,Africa,Somalia 2017,3548,14595995.0
499,Africa,South Africa 2017,28447,56311116.0
500,Africa,South Africa 2018,22510,56971303.0
501,Africa,South Africa 2019,38608,57707967.0
502,Africa,South Africa 2020,159771,58466143.0
503,Africa,South Africa 2021,249022,59137710.0
504,Africa,South Africa 2022,309201,59646800.0
505,Asia,South Korea 2017,33373,51419008.0
506,Asia,South Korea 2018,37219,51604269.0
507,Asia,South Korea 2019,52978,51749531.0
508,Asia,South Korea 2020,383341,51858128.0
509,Asia,South Korea 2021,73583,51831253.0
510,Asia,South Korea 2022,195463,51829025.0
511,Africa,South Sudan 2017,3646,10875683.0
512,Europe,Spain 2017,354518,46517043.0
513,Europe,Spain 2018,333315,46651296.0
514,Europe,Spain 2019,1265719,46932790.0
515,Europe,Spain 2020,575203,47329954.0
516,Europe,Spain 2021,277857,47397660.0
517,Europe,Spain 2022,354573,47576210.0
518,Asia,Sri Lanka 2017,1160,21468371.0
519,Asia,Sri Lanka 2018,2879,21545254.0
520,Asia,Sri Lanka 2019,1779,21616166.0
521,Asia,Sri Lanka 2021,989,21746997.0
522,Asia,Sri Lanka 2022,17168,21799884.0
523,Americas,Suriname 2021,1425,610325.0
524,Europe,Sweden 2017,79763,10006213.0
525,Europe,Sweden 2018,241738,10110167.0
526,Europe,Sweden 2019,756369,10214429.0
527,Europe,Sweden 2020,234758,10321414.0
528,Europe,Sweden 2021,387786,10416525.0
529,Europe,Sweden 2022,85056,10517669.0
530,Europe,Switzerland 2017,21047,8419252.0
531,Europe,Switzerland 2018,11904,8484122.0
532,Europe,Switzerland 2019,221134,8544746.0
533,Europe,Switzerland 2020,92955,8606431.0
534,Europe,Switzerland 2021,22057,8670795.0
535,Europe,Switzerland 2022,33622,8712018.0
536,Asia,Tajikistan 2019,2631,9231189.0
537,Asia,Tajikistan 2022,3871,9856531.0
538,Africa,Tanzania 2017,462,55326370.0
539,Africa,Tanzania 2019,738,58973192.0
540,Africa,The Gambia 2019,534,2476718.0
541,Asia,Timor-Leste 2017,3613,1233900.0
542,Africa,Togo 2019,1156,8143953.0
543,Oceania,Tokelau 2022,466,1861.0
544,Americas,Trinidad and Tobago 2017,450,1473806.0
545,Americas,Trinidad and Tobago 2022,962,1528932.0
546,Africa,Tunisia 2017,33927,11749179.0
547,Africa,Tunisia 2018,10141,11873707.0
548,Africa,Tunisia 2019,32789,11992376.0
549,Africa,Tunisia 2020,1241,12106251.0
550,Africa,Tunisia 2021,13312,12217195.0
551,Africa,Tunisia 2022,10132,12308697.0
552,Americas,Turks and Caicos Islands 2021,475,44699.0
553,Oceania,Tuvalu 2017,453,10839.0
554,Oceania,Tuvalu 2019,466,10914.0
555,Oceania,Tuvalu 2020,452,10998.0
556,Africa,Uganda 2021,471,45123359.0
557,Africa,Uganda 2022,786,46584197.0
558,Europe,Ukraine 2017,187983,44752102.0
559,Europe,Ukraine 2018,200228,44562411.0
560,Europe,Ukraine 2019,415603,44331496.0
561,Europe,Ukraine 2020,949503,44090693.0
562,Europe,Ukraine 2021,556885,43728640.0
563,Europe,Ukraine 2022,415346,43334204.0
564,Europe,United Kingdom 2017,1633143,65869766.0
565,Europe,United Kingdom 2018,1621436,66259842.0
566,Europe,United Kingdom 2019,3615775,66606144.0
567,Europe,United Kingdom 2020,3439610,66951174.0
568,Europe,United Kingdom 2021,4178365,67167774.0
569,Europe,United Kingdom 2022,3016759,67394305.0
570,Americas,United States of America 2017,31128367,328553489.0
571,Americas,United States of America 2018,26909544,331028972.0
572,Americas,United States of America 2019,36189380,333251103.0
573,Americas,United States of America 2020,32300749,335388238.0
574,Americas,United States of America 2021,27283982,336495769.0
575,Americas,United States of America 2022,27075645,337499479.0
576,Americas,Uruguay 2017,6215,3418863.0
577,Americas,Uruguay 2019,6834,3428546.0
578,Americas,Uruguay 2020,708,3428271.0
579,Americas,Uruguay 2021,577,3429902.0
580,Americas,Uruguay 2022,33799,3422617.0
581,Africa,Western Sahara 2022,455,570311.0
582,Africa,Zambia 2019,672,18106035.0
583,Africa,Zambia 2021,506,19200512.0
584,Africa,Zimbabwe 2017,9449,14601823.0
585,Africa,Zimbabwe 2022,3047,16152942.0
586,,Afghanistan 2024,771,42647.492
587,Europe,Albania 2023,39284,2811.655
588,Europe,Albania 2024,38806,2791.765
589,Europe,Albania 2025,14584,2771.508
590,Africa,Algeria 2023,349495,46164.219
591,Africa,Algeria 2024,226300,46814.308
592,Africa,Algeria 2025,52094,47435.312
593,Europe,Andorra 2023,93,80.856
594,Europe,Andorra 2024,102,81.938
595,Africa,Angola 2023,389,36749.906
596,Africa,Angola 2024,3636,37885.849
597,Africa,Angola 2025,2611,39040.039
598,Americas,Anguilla 2023,183,14.41
599,Americas,Argentina 2023,1089019,45538.401
600,Americas,Argentina 2024,579714,45696.159
601,Americas,Argentina 2025,290918,45851.378
602,Asia,Armenia 2023,12320,2943.393
603,Asia,Armenia 2024,20366,2973.84
604,Asia,Armenia 2025,10880,2952.365
605,Americas,Aruba 2023,91,107.939
606,Americas,Aruba 2024,134,108.066
607,Oceania,Australia 2023,1344527,26451.124
608,Oceania,Australia 2024,1630454,26713.205
609,Oceania,Australia 2025,1547366,26974.026
610,Europe,Austria 2023,287034,9130.429
611,Europe,Austria 2024,324869,9120.813
612,Europe,Austria 2025,240565,9113.574
613,,Azerbaijan 2024,124206,10336.578
614,,Azerbaijan 2025,14737,10397.713
615,,Bahamas 2024,947,401.283
616,,Bahamas 2025,390,403.033
617,,Bahrain 2024,1560,1607.049
618,,Bangladesh 2024,92854,173562.364
619,,Bangladesh 2025,44258,175686.9
620,Americas,Barbados 2023,1425,282.336
621,Americas,Barbados 2024,264,282.467
622,Americas,Barbados 2025,135,282.623
623,,Belarus 2024,40328,9056.696
624,,Belarus 2025,26702,8997.603
625,Europe,Belgium 2023,99804,11712.893
626,Europe,Belgium 2024,272109,11738.763
627,Europe,Belgium 2025,279418,11758.603
628,Americas,Belize 2024,481,417.072
629,Africa,Benin 2023,1081,14111.034
630,Africa,Benin 2024,1157,14462.724
631,Africa,Benin 2025,426,14814.46
632,,Bermuda 2023,107,64.698
633,,Bermuda 2024,1091,64.636
634,,Bermuda 2025,365,64.554
635,Asia,Bhutan 2023,109,786.385
636,Asia,Bhutan 2024,313,791.524
637,Europe,Bosnia and Herzegovina 2023,2169,3185.073
638,Europe,Bosnia and Herzegovina 2024,20952,3164.253
639,Europe,Bosnia and Herzegovina 2025,15932,3140.096
640,Africa,Botswana 2023,173,2480.244
641,Africa,Botswana 2024,1983,2521.139
642,Africa,Botswana 2025,562,2562.122
643,Americas,Brazil 2023,2691125,211140.729
644,Americas,Brazil 2024,1793895,211998.574
645,Americas,Brazil 2025,1612989,212812.405
646,,British Virgin Islands 2024,195,39.471
647,Europe,Bulgaria 2023,107459,6795.803
648,Europe,Bulgaria 2024,168292,6757.688
649,Europe,Bulgaria 2025,147416,6714.56
650,Africa,Burkina Faso 2023,122,23025.776
651,Africa,Burkina Faso 2024,2370,23548.781
652,Africa,Burkina Faso 2025,1417,24074.58
653,Africa,Burundi 2023,176,13689.45
654,Africa,Burundi 2024,238,14047.786
655,Africa,Burundi 2025,94,14390.002
656,Asia,Cambodia 2023,2476,17423.88
657,Asia,Cambodia 2024,10709,17638.801
658,Asia,Cambodia 2025,3885,17847.982
659,Africa,Cameroon 2024,4512,29123.744
660,Africa,Cameroon 2025,1786,29879.337
661,Americas,Canada 2023,2013590,39299.104
662,Americas,Canada 2024,2933196,39742.43
663,Americas,Canada 2025,2559012,40126.723
664,,Cayman Islands 2024,203,74.458
665,Africa,Central African Republic 2024,90,5330.69
666,,Chad 2024,125,20299.123
667,Americas,Chile 2023,294539,19658.835
668,Americas,Chile 2024,233770,19764.771
669,Americas,Chile 2025,205410,19859.921
670,Americas,Colombia 2023,1346792,52321.152
671,Americas,Colombia 2024,640251,52886.364
672,Americas,Colombia 2025,305519,53425.635
673,,Cook Islands 2025,94,13.263
674,Americas,Costa Rica 2023,2501,5105.526
675,Americas,Costa Rica 2024,24953,5129.91
676,Americas,Costa Rica 2025,19809,5152.95
677,Europe,Croatia 2023,30616,3896.023
678,Europe,Croatia 2024,71169,3875.325
679,Europe,Croatia 2025,64042,3848.16
680,Asia,Cyprus 2023,828,1344.976
681,Asia,Cyprus 2024,10264,1358.282
682,Asia,Cyprus 2025,7967,1370.754
683,Europe,Denmark 2023,64074,5948.136
684,Europe,Denmark 2024,225048,5977.412
685,Europe,Denmark 2025,226818,6002.507
686,Americas,Dominica 2023,91,66.51
687,Americas,Dominican Republic 2023,108553,11331.266
688,Americas,Dominican Republic 2024,83656,11427.557
689,Americas,Dominican Republic 2025,41344,11520.487
690,Americas,Ecuador 2023,118045,17980.083
691,Americas,Ecuador 2024,78989,18135.478
692,Americas,Ecuador 2025,63309,18289.896
693,,Egypt 2024,136547,116538.258
694,,Egypt 2025,71260,118365.994
695,Americas,El Salvador 2023,2183,6309.624
696,Americas,El Salvador 2024,14498,6338.193
697,Americas,El Salvador 2025,10309,6365.503
698,Europe,Estonia 2023,2409,1367.196
699,Europe,Estonia 2024,22581,1360.546
700,Europe,Estonia 2025,24531,1344.232
701,Africa,Eswatini 2023,95,1230.506
702,Africa,Eswatini 2024,94,1242.822
703,,Ethiopia 2024,2497,132059.767
704,Europe,Faroe Islands 2023,93,54.714
705,Europe,Faroe Islands 2024,138,55.4
706,Europe,Faroe Islands 2025,186,56.002
707,Oceania,Fiji 2023,90,924.146
708,Oceania,Fiji 2024,352,928.784
709,Europe,Finland 2023,425140,5601.185
710,Europe,Finland 2024,364554,5617.31
711,Europe,Finland 2025,285562,5623.33
712,Europe,France 2023,4306751,66438.822
713,Europe,France 2024,4890220,66548.53
714,Europe,France 2025,3380993,66650.804
715,Oceania,French Guiana 2024,369,308.522
716,Oceania,French Polynesia 2024,377,281.807
717,,Gabon 2024,468,2538.952
718,,Gabon 2025,90,2593.13
719,,Gambia 2024,122,2759.988
720,Asia,Georgia 2023,69544,3807.492
721,Asia,Georgia 2024,72169,3807.67
722,Asia,Georgia 2025,43816,3806.671
723,Europe,Germany 2023,9040504,84548.231
724,Europe,Germany 2024,8271731,84552.242
725,Europe,Germany 2025,5738331,84075.075
726,Africa,Ghana 2023,1911,33787.914
727,Africa,Ghana 2024,16537,34427.414
728,Africa,Ghana 2025,9265,35064.272
729,,Gibraltar 2024,150,39.329
730,Europe,Greece 2023,305799,10242.908
731,Europe,Greece 2024,336891,10047.817
732,Europe,Greece 2025,274560,9938.844
733,,Greenland 2025,170,55.745
734,Americas,Guadeloupe 2023,93,376.516
735,Americas,Guadeloupe 2024,1424,375.106
736,Americas,Guadeloupe 2025,265,373.791
737,Oceania,Guam 2023,92,166.506
738,Oceania,Guam 2024,427,167.777
739,Oceania,Guam 2025,117,168.999
740,Americas,Guatemala 2023,52602,18124.838
741,Americas,Guatemala 2024,50801,18406.359
742,Americas,Guatemala 2025,25788,18687.881
743,Europe,Guernsey 2023,90,64.017
744,Europe,Guernsey 2024,292,64.28
745,Europe,Guernsey 2025,102,64.476
746,Africa,Guinea 2024,1326,14754.786
747,Africa,Guinea 2025,525,15099.727
748,Americas,Guyana 2023,90,826.353
749,Americas,Guyana 2024,359,831.086
750,Americas,Guyana 2025,99,835.986
751,Americas,Haiti 2024,3118,11772.557
752,Americas,Haiti 2025,2230,11906.096
753,,Honduras 2024,9821,10825.704
754,,Honduras 2025,3645,11005.85
755,Europe,Hungary 2023,218378,9686.464
756,Europe,Hungary 2024,345089,9676.134
757,Europe,Hungary 2025,256268,9632.287
758,Europe,Iceland 2023,1459,387.558
759,Europe,Iceland 2024,8154,393.396
760,Europe,Iceland 2025,3462,398.266
761,Asia,India 2023,22468505,1438069.596
762,Asia,India 2024,16660512,1450935.791
763,Asia,India 2025,6536529,1463865.525
764,Asia,Indonesia 2023,1809313,281190.067
765,Asia,Indonesia 2024,1576139,283487.931
766,Asia,Indonesia 2025,636520,285721.236
767,,Iraq 2024,17912,46042.015
768,,Iraq 2025,15144,47020.774
769,Europe,Ireland 2023,181485,5196.63
770,Europe,Ireland 2024,246538,5255.018
771,Europe,Ireland 2025,214715,5308.039
772,,Isle of Man 2024,432,84.16
773,,Isle of Man 2025,232,84.118
774,Asia,Israel 2023,182289,9256.314
775,Asia,Israel 2024,383890,9387.021
776,Asia,Israel 2025,376258,9517.18
777,Europe,Italy 2023,2844853,59499.453
778,Europe,Italy 2024,3321995,59342.867
779,Europe,Italy 2025,2232335,59146.26
780,Americas,Jamaica 2023,1925,2839.786
781,Americas,Jamaica 2024,3677,2839.175
782,Americas,Jamaica 2025,2016,2837.077
783,Asia,Japan 2023,4118999,124370.947
784,Asia,Japan 2024,4607093,123753.041
785,Asia,Japan 2025,3915198,123103.479
786,Europe,Jersey 2024,601,103.846
787,Europe,Jersey 2025,286,103.988
788,Asia,Jordan 2023,11362,11439.214
789,Asia,Jordan 2024,32557,11552.876
790,Asia,Jordan 2025,42503,11520.684
791,,Kazakhstan 2024,133615,20592.571
792,,Kazakhstan 2025,51748,20843.754
793,Africa,Kenya 2023,15139,55339.003
794,Africa,Kenya 2024,52512,56432.944
795,Africa,Kenya 2025,24604,57532.492
796,,Kuwait 2024,7578,4934.508
797,,Kuwait 2025,3035,5026.078
798,Asia,Kyrgyzstan 2023,18165,7073.516
799,Asia,Kyrgyzstan 2024,29866,7186.009
800,Asia,Kyrgyzstan 2025,10901,7295.034
801,Europe,Latvia 2023,15942,1882.396
802,Europe,Latvia 2024,26651,1871.871
803,Europe,Latvia 2025,24503,1853.559
804,Asia,Lebanon 2023,710,5773.492
805,Asia,Lebanon 2024,13429,5805.962
806,Asia,Lebanon 2025,5158,5849.42
807,,Lesotho 2024,96,2337.423
808,Africa,Liberia 2024,468,5612.817
809,Africa,Liberia 2025,293,5731.206
810,Africa,Libya 2023,1837,7305.659
811,Africa,Libya 2024,2701,7381.023
812,Africa,Libya 2025,1421,7458.554
813,Europe,Lithuania 2023,58927,2854.099
814,Europe,Lithuania 2024,81440,2859.11
815,Europe,Lithuania 2025,54732,2830.144
816,Europe,Luxembourg 2023,683,665.098
817,Europe,Luxembourg 2024,7673,673.036
818,Europe,Luxembourg 2025,2853,680.454
819,Africa,Madagascar 2023,290,31195.932
820,Africa,Madagascar 2024,1315,31964.956
821,Africa,Madagascar 2025,841,32740.678
822,Africa,Malawi 2024,1583,21655.286
823,Africa,Malawi 2025,628,22216.12
824,Asia,Malaysia 2023,469626,35126.298
825,Asia,Malaysia 2024,362850,35557.673
826,Asia,Malaysia 2025,243037,35977.838
827,Asia,Maldives 2023,1722,525.994
828,Asia,Maldives 2024,2046,527.799
829,Asia,Maldives 2025,1162,529.676
830,Africa,Mali 2023,170,23769.127
831,Africa,Mali 2024,1463,24478.595
832,Africa,Mali 2025,472,25198.821
833,Europe,Malta 2023,388,532.956
834,Europe,Malta 2024,6117,539.607
835,Europe,Malta 2025,3064,545.405
836,Americas,Martinique 2024,939,343.194
837,Americas,Martinique 2025,128,340.439
838,,Mauritania 2023,206,5022.442
839,,Mauritania 2024,403,5169.395
840,Africa,Mauritius 2023,154,1273.588
841,Africa,Mauritius 2024,2859,1271.169
842,Africa,Mauritius 2025,1030,1268.28
843,Americas,Mexico 2023,3998139,129739.759
844,Americas,Mexico 2024,4868461,130861.007
845,Americas,Mexico 2025,2035111,131946.9
846,Europe,Monaco 2023,191,38.956
847,Europe,Monaco 2024,423,38.631
848,Asia,Mongolia 2023,23374,3431.932
849,Asia,Mongolia 2024,29890,3475.54
850,Asia,Mongolia 2025,5398,3517.1
851,Europe,Montenegro 2023,92,633.552
852,Europe,Montenegro 2024,4288,638.479
853,Europe,Montenegro 2025,2380,632.729
854,,Montserrat 2024,91,4.389
855,Africa,Morocco 2023,719364,37712.505
856,Africa,Morocco 2024,431499,38081.173
857,Africa,Morocco 2025,133682,38430.77
858,Africa,Mozambique 2023,1159,33635.16
859,Africa,Mozambique 2024,2867,34631.766
860,Africa,Mozambique 2025,1034,35631.653
861,,Namibia 2023,117,2963.095
862,,Namibia 2024,1258,3030.131
863,,Namibia 2025,357,3092.816
864,Asia,Nepal 2023,39657,29694.614
865,Asia,Nepal 2024,23574,29651.054
866,Asia,Nepal 2025,12324,29618.118
867,Europe,Netherlands 2023,470459,18092.524
868,Oceania,New Caledonia 2024,585,292.64
869,Oceania,New Caledonia 2025,151,295.333
870,Oceania,New Zealand 2023,108165,5172.836
871,Oceania,New Zealand 2024,168801,5213.944
872,Oceania,New Zealand 2025,148772,5251.899
873,,Nicaragua 2024,2672,6916.14
874,,Nicaragua 2025,1266,7007.502
875,,Niger 2023,192,26159.867
876,,Niger 2024,290,27032.412
877,,Niger 2025,91,27917.831
878,Africa,Nigeria 2023,120126,227882.945
879,Africa,Nigeria 2024,227247,232679.478
880,Africa,Nigeria 2025,111781,237527.782
881,Europe,North Macedonia 2023,1752,1831.802
882,Europe,North Macedonia 2024,14524,1823.009
883,Europe,North Macedonia 2025,10311,1813.791
884,Oceania,Northern Mariana Islands 2025,188,43.541
885,Europe,Norway 2023,172002,5519.167
886,Europe,Norway 2024,260850,5576.66
887,Europe,Norway 2025,207263,5623.071
888,,Oman 2024,10572,5281.538
889,,Oman 2025,5877,5494.691
890,,Pakistan 2024,48262,251269.164
891,,Pakistan 2025,34063,255219.554
892,Oceania,Palau 2025,91,17.663
893,Americas,Panama 2023,2292,4458.759
894,Americas,Panama 2024,21011,4515.577
895,Americas,Panama 2025,14883,4571.189
896,Oceania,Papua New Guinea 2023,1177,10389.635
897,Oceania,Papua New Guinea 2024,430,10576.502
898,Americas,Paraguay 2023,1025,6844.146
899,Americas,Paraguay 2024,21482,6929.153
900,Americas,Paraguay 2025,9845,7013.078
901,Americas,Peru 2023,538144,33845.617
902,Americas,Peru 2024,245688,34217.848
903,Americas,Peru 2025,122841,34576.665
904,Asia,Philippines 2023,1705473,114891.199
905,Asia,Philippines 2024,981711,115843.67
906,Asia,Philippines 2025,415682,116786.962
907,Europe,Poland 2023,1681134,38762.844
908,Europe,Poland 2024,2044415,38539.201
909,Europe,Poland 2025,1564875,38140.91
910,Europe,Portugal 2023,134920,10430.738
911,Europe,Portugal 2024,162288,10425.292
912,Europe,Portugal 2025,179298,10411.834
913,Americas,Puerto Rico 2023,7571,3242.022
914,Americas,Puerto Rico 2024,21567,3242.204
915,Americas,Puerto Rico 2025,27043,3235.289
916,Asia,Qatar 2023,1086,2979.082
917,Asia,Qatar 2024,10177,3048.423
918,Asia,Qatar 2025,10011,3115.888
919,Europe,Romania 2023,308907,19118.479
920,Europe,Romania 2024,447880,19015.088
921,Europe,Romania 2025,335321,18908.65
922,,Rwanda 2024,1796,14256.567
923,,Rwanda 2025,628,14569.34
924,Americas,Saint Lucia 2024,131,179.744
925,Americas,Saint Lucia 2025,92,180.149
926,Americas,Saint Vincent and the Grenadines 2024,93,100.616
927,,Samoa 2023,99,216.663
928,,Samoa 2025,101,219.306
929,,San Marino 2023,94,33.733
930,,Saudi Arabia 2024,101852,33962.757
931,,Saudi Arabia 2025,60403,34566.328
932,Africa,Senegal 2024,3416,18501.984
933,Africa,Senegal 2025,2045,18931.966
934,Europe,Serbia 2023,41946,6773.201
935,Europe,Serbia 2024,123219,6736.216
936,Europe,Serbia 2025,105156,6689.039
937,Africa,Seychelles 2023,403,127.951
938,Africa,Seychelles 2024,1647,130.418
939,Africa,Seychelles 2025,6576,132.779
940,Africa,Sierra Leone 2023,893,8460.512
941,Africa,Sierra Leone 2024,415,8642.022
942,Africa,Sierra Leone 2025,91,8819.794
943,Asia,Singapore 2023,181703,5789.09
944,Asia,Singapore 2024,373770,5832.387
945,Asia,Singapore 2025,703151,5870.75
946,Europe,Slovakia 2023,16976,5518.054
947,Europe,Slovakia 2024,58265,5506.76
948,Europe,Slovakia 2025,54545,5474.881
949,Europe,Slovenia 2023,6859,2118.396
950,Europe,Slovenia 2024,25357,2118.696
951,Europe,Slovenia 2025,23864,2117.072
952,Africa,Somalia 2023,230,18358.615
953,Africa,Somalia 2024,1462,19009.151
954,Africa,Somalia 2025,599,19654.739
955,Africa,South Africa 2023,408075,63212.384
956,Africa,South Africa 2024,304524,64007.187
957,Africa,South Africa 2025,177858,64747.319
958,Africa,South Sudan 2024,222,11943.408
959,Europe,Spain 2023,1361178,47911.58
960,Europe,Spain 2024,1736480,47910.526
961,Europe,Spain 2025,1502421,47889.958
962,Asia,Sri Lanka 2023,65164,22971.617
963,Asia,Sri Lanka 2024,38779,23103.565
964,Asia,Sri Lanka 2025,11774,23229.47
965,Americas,Suriname 2023,129,628.886
966,Americas,Suriname 2024,122,634.431
967,Americas,Suriname 2025,91,639.85
968,Europe,Sweden 2023,289663,10551.494
969,Europe,Sweden 2024,578231,10606.999
970,Europe,Sweden 2025,524997,10656.633
971,Europe,Switzerland 2023,119497,8870.561
972,Europe,Switzerland 2024,276284,8921.981
973,Europe,Switzerland 2025,274802,8967.408
974,Asia,Tajikistan 2023,1291,10389.798
975,Asia,Tajikistan 2024,1452,10590.928
976,,Thailand 2024,708621,71668.011
977,,Thailand 2025,428467,71619.863
978,Africa,Togo 2023,249,9304.338
979,Africa,Togo 2024,695,9515.236
980,Africa,Togo 2025,406,9721.608
981,Oceania,Tokelau 2023,93,2.398
982,Oceania,Tokelau 2024,91,2.506
983,Americas,Trinidad and Tobago 2023,4132,1502.932
984,Americas,Trinidad and Tobago 2024,3643,1507.782
985,Americas,Trinidad and Tobago 2025,1841,1511.155
986,Africa,Tunisia 2023,47636,12200.431
987,Africa,Tunisia 2024,34271,12277.109
988,Africa,Tunisia 2025,10419,12348.573
989,Americas,Turks and Caicos Islands 2025,102,46.855
990,Africa,Uganda 2023,1029,48656.601
991,Africa,Uganda 2024,8307,50015.092
992,Africa,Uganda 2025,3937,51384.894
993,Europe,Ukraine 2023,998771,37732.836
994,Europe,Ukraine 2024,1224065,37860.222
995,Europe,Ukraine 2025,906806,38980.376
996,Americas,United Arab Emirates 2024,49455,11027.129
997,Americas,United Arab Emirates 2025,30229,11346.0
998,Americas,United Kingdom 2023,5232792,68682.962
999,Americas,United Kingdom 2024,6155760,69138.192
1000,Americas,United Kingdom 2025,4727988,69551.332
1001,Americas,United States of America 2023,90,343477.335
1002,Americas,Uruguay 2023,22520,3388.08
1003,Americas,Uruguay 2024,21261,3386.588
1004,Americas,Uruguay 2025,14991,3384.688
1005,,Uzbekistan 2024,39616,36361.859
1006,,Uzbekistan 2025,32581,37053.428
1007,,Vanuatu 2023,92,320.408
1008,,Vanuatu 2024,92,327.777
1009,,Yemen 2024,929,40583.164
1010,Africa,Zambia 2023,235,20723.965
1011,Africa,Zambia 2024,4577,21314.956
1012,Africa,Zambia 2025,1415,21913.874
1013,Africa,Zimbabwe 2023,170,16340.822
1014,Africa,Zimbabwe 2024,4056,16634.373
1015,Africa,Zimbabwe 2025,1028,16950.795
